,troll,mentions,tweet
0,toneporter,"[""chiefplan1""]","RT @chiefplan1: Debate watch:
Notice how, w/every lie Delusional Donnie tells, bags under his eyes get bigger--fuller of baggage--&amp; his eyeâ€¦"
1,ilikebigbuttand,"[""dreamweasel""]",RT @Dreamweasel: #HillarysHealth #HillarysBodyDouble https://t.co/G7UUdzeaLI
2,queenofthewo,"[""geffgefferson1"",""realdonaldtrump"",""midnight"",""remhq""]","RT @GeffGefferson1: #ImVotingBecause If @realDonaldTrump Wins...
@midnight 
@remhq 
https://t.co/optiOnvqSs"
3,loragreeen,"[""therealezway""]","RT @therealezway: Chris Wallace has vowed not to fact-check this debate, which means that Trump has a ridiculous advantage"
4,amandavgreen,"[""chiefplan1""]","RT @chiefplan1: Delusional Donnie
Hitler wannabe wants to throw away the Constitution turn us into a banana republic
Toss out freeâ€¦ "
5,curtisbigman,"[""shane_rodenbeck""]",RT @Shane_Rodenbeck: #ObamasWishList: For Michelle Obama to finally turn into a real boy.
6,daileyjadon,"[""annogalactic""]",RT @AnnoGalactic: Can we have #Debatenight once a fortnight even after the election?
7,jasper_fly,"[""midnight"",""geffgefferson1""]","RT @GeffGefferson1: #OverheardAtRNC Does This White Hood Make Me Look Fat???   
@midnight  
#RNCinCLE"
8,worldofhashtags,"[""shane_rodenbeck""]","RT @Shane_Rodenbeck: #IHaveARightToKnow with all the sniffing Trump was doing. Why didnt he offer any of that cocaine to Lester, so Lesterâ€¦"
9,heyheyhailey,"[""dreamweasel""]","RT @Dreamweasel: Mr. Trump, if Hillary Clinton started Birtherism, why do 100% of Birthers support you?  

 #RejectedDebateTopics"
10,notritahart,"[""therealezway"",""americaferrera""]",RT @therealezway: .@AmericaFerrera I have a plan to combat social stratification in school lunches. What do you think? #DemConvention httpsâ€¦
11,melvinsroberts,"[""therealezway""]","RT @therealezway: The media has given Hillary the most negative coverage of any candidate, all for debunked claims. Trump's been given a biâ€¦"
12,catelinewatkins,"[""shane_rodenbeck""]","RT @Shane_Rodenbeck: #IHaveARightToKnow if Obama is planning on moving back to his birthplace, Kenya."
13,loragreeen,"[""dreamweasel""]",RT @Dreamweasel: #HillarysHealth #HillarysBodyDouble https://t.co/G7UUdzeaLI
14,amandavgreen,"[""chiefplan1""]","RT @chiefplan1: Debate watch:
Notice how, w/every lie Delusional Donnie tells, bags under his eyes get bigger--fuller of baggage--&amp; his eyeâ€¦"
15,adrienne_gg,"[""chiefplan1"",""realdonaldtrump""]","RT @chiefplan1: #ElectionFinalThoughts
Damn --Delusional Donnie-'
you are darker than Darth,
Dangerously Unfit!
@realDonaldTrump https://t.â€¦"
16,dominicvalent,"[""geffgefferson1"",""realdonaldtrump""]","RT @GeffGefferson1: #FamousCreatures @realDonaldTrump 
#debate"
17,heyheyhailey,"[""dreamweasel""]","RT @Dreamweasel: The subset of the population absolutely convinced that Hillary Clinton is History's Greatest Monster

 #ThingsThatDisturbMe"
18,bgarner2107,"[""shane_rodenbeck""]","RT @Shane_Rodenbeck: #IHaveARightToKnow with all the sniffing Trump was doing. Why didnt he offer any of that cocaine to Lester, so Lesterâ€¦"
19,gab1aldana,"[""chiefplan1""]","RT @chiefplan1: Delusional Donnie-racist facist xenophobe misogynist predator! UNFIT
Deplorable &amp; irredeemable!
Support him-
don'tâ€¦ "
20,hipppo_,"[""dreamweasel""]",RT @Dreamweasel: #ItMayComeAsAShockToYouBut reminding Democrats that Robert Byrd was in the KKK 60 years ago does not excuse Donald Trump'sâ€¦
21,hellieedwards,"[""annogalactic"",""realdonaldtrump""]","RT @AnnoGalactic: Of course @realdonaldtrump says he doesn't believe in climate change, he's heavily invested in fossil fuels."
22,claudia42kern,"[""therealezway""]",RT @therealezway: Hillary Clinton just released her strategy to fully enroll mental healthcare into the healthcare system and it's gloriousâ€¦
23,kencannone,"[""shane_rodenbeck""]",RT @Shane_Rodenbeck: #RejectedDebateTopics: Hillary Clinton's qualifications
24,bruciedublin,"[""chiefplan1""]","RT @chiefplan1: #ElectionDayIn5Words

Unfit Loser Trump's
Mental Breakdown"
25,hipppo_,"[""realdonaldtrump"",""chiefplan1""]","RT @chiefplan1: #FakeMusicalTheaterFacts

@realDonaldTrump is still pissed the New York Times refused to hire him as a theater critic in 19â€¦"
26,loragreeen,"[""dreamweasel""]","RT @Dreamweasel: ""Mrs. Clinton, if you're so clever, can YOU craft a compelling reason to vote for Trump?""

""Sit down, Senator Ryan.""

#Rejâ€¦"
27,brightandglory,"[""chiefplan1""]","RT @chiefplan1: Trump promises segregation--
https://t.co/SHXPDCyYVq"
28,queenofthewo,"[""shane_rodenbeck""]",RT @Shane_Rodenbeck: #RejectedDebateTopics: Hillary Clinton's qualifications
29,gab1aldana,"[""chiefplan1""]","RT @chiefplan1: Debate watch:
Notice how, w/every lie Delusional Donnie tells, bags under his eyes get bigger--fuller of baggage--&amp; his eyeâ€¦"
30,holycrapchrix,"[""stormynights10""]",RT @stormynights10: #DontTellAnyoneBut I thought I saw Trump lurking in my neighbors bushes yesterday
31,kathiemrr,"[""dreamweasel""]","RT @Dreamweasel: ""Mrs. Clinton, if you're so clever, can YOU craft a compelling reason to vote for Trump?""

""Sit down, Senator Ryan.""

#Rejâ€¦"
32,traceyhappymom,"[""shane_rodenbeck""]","RT @Shane_Rodenbeck: #MustBeBanned: Barack Obama speaking, when he finally gets the fuck out of office."
33,gab1aldana,"[""realdonaldtrump"",""chiefplan1""]",RT @chiefplan1: #IDontThinkIWasMeantTo vote for a cheeto faced ferret wearing shitgibbon demogogue like unfit @realDonaldTrump https://t.coâ€¦
34,amandavgreen,"[""shane_rodenbeck""]","RT @Shane_Rodenbeck: #IHaveARightToKnow if Hillary Clinton, is actually one of those Lizard people. Who lives underground..."
35,worldofhashtags,"[""shane_rodenbeck""]","RT @Shane_Rodenbeck: #IHaveARightToKnow if Obama is planning on moving back to his birthplace, Kenya."
36,holycrapchrix,"[""therealezway""]","RT @therealezway: The media has given Hillary the most negative coverage of any candidate, all for debunked claims. Trump's been given a biâ€¦"
37,dominicvalent,"[""dreamweasel""]","RT @Dreamweasel: ""Mrs. Clinton, if you're so clever, can YOU craft a compelling reason to vote for Trump?""

""Sit down, Senator Ryan.""

#Rejâ€¦"
38,jmscoxxx,"[""stormynights10""]",RT @stormynights10: #DontTellAnyoneBut I thought I saw Trump lurking in my neighbors bushes yesterday
39,melvinsroberts,"[""stormynights10""]","RT @stormynights10: #TrumpsFavoriteHeadline Trump's Lingerie Bedroom Line Collection, with lead model Ivanka Trump"
40,curtisbigman,"[""shane_rodenbeck""]",RT @Shane_Rodenbeck: #RejectedDebateTopics: Hillary Clinton's qualifications
41,hellieedwards,"[""geffgefferson1""]","RT @GeffGefferson1: Republicans Think Movie Actors Are The People They Portray...No Wonder They Ended Up With Trump...
#BradleyCooper 
#DNCâ€¦"
42,amandavgreen,"[""chiefplan1""]","RT @chiefplan1: Nice fantasy if true, but he embarrasses us daily to allies &amp; aids &amp; comforts enemies! Liar! SHAME! 
Unstable!Unfit! https:â€¦"
43,notritahart,"[""annogalactic""]",RT @AnnoGalactic: Donald Trump: defining deplorable for the poorly educated.
44,dickyirwin,"[""chiefplan1""]","RT @chiefplan1: Make it Viral folks! 
FBI finds no criminality in review of newly discovered Clinton emails https://t.co/AhhbllYFS0 via @nbâ€¦"
45,jasper_fly,"[""dreamweasel""]","RT @Dreamweasel: The subset of the population absolutely convinced that Hillary Clinton is History's Greatest Monster

 #ThingsThatDisturbMe"
46,hipppo_,"[""annogalactic"",""realdonaldtrump""]","RT @AnnoGalactic: Of course @realdonaldtrump says he doesn't believe in climate change, he's heavily invested in fossil fuels."
47,kathiemrr,"[""dreamweasel""]","RT @Dreamweasel: Would a literal feces-throwing chimp earn 30% of the vote if the GOP nominated it to run against Hillary Clinton

 #Rejectâ€¦"
48,giselleevns,"[""dreamweasel""]","RT @Dreamweasel: U.S. Population Indifferent to Any and All National Issues Apart from All-Consuming Hatred of Hillary Clinton

 #TrumpsFavâ€¦"
49,dominicvalent,"[""realdonaldtrump"",""chiefplan1""]",RT @chiefplan1: #IDontThinkIWasMeantTo vote for a cheeto faced ferret wearing shitgibbon demogogue like unfit @realDonaldTrump https://t.coâ€¦
50,heyheyhailey,"[""therealezway""]",RT @therealezway: Hillary Clinton just released her strategy to fully enroll mental healthcare into the healthcare system and it's gloriousâ€¦
51,traceyhappymom,"[""therealezway""]",RT @therealezway: Hillary Clinton just released her strategy to fully enroll mental healthcare into the healthcare system and it's gloriousâ€¦
52,gab1aldana,"[""chiefplan1"",""realdonaldtrump""]","RT @chiefplan1: #FakeMusicalTheaterFacts

@realDonaldTrump is still pissed the New York Times refused to hire him as a theater critic in 19â€¦"
53,hipppo_,"[""annogalactic""]","RT @AnnoGalactic: #tshirtideas

                     I'm not
                 with stupid.
                         ðŸ‘‡
          @realdonaldâ€¦"
54,jmscoxxx,"[""chiefplan1""]","RT @chiefplan1: #ElectionDayIn5Words

Unfit Loser Trump's
Mental Breakdown"
55,worldofhashtags,"[""stormynights10""]","RT @stormynights10: #TrumpsFavoriteHeadline Trump's Lingerie Bedroom Line Collection, with lead model Ivanka Trump"
56,danageezus,"[""stormynights10""]","RT @stormynights10: #ObamasWishList Marry Donald Trump and become the First Lady, Barack Obama Trump"
57,mr_clampin,"[""theclobra""]",RT @theclobra: #IWantCreditFor making it out of the bad side of Chicago as a young poor black woman. - Melania Trump
58,mr_clampin,"[""therealezway""]",RT @therealezway: Hillary Clinton just released her strategy to fully enroll mental healthcare into the healthcare system and it's gloriousâ€¦
59,dannythehappies,"[""theclobra""]",RT @theclobra: #IfTheMediaRiggedTheElection it's just because there is a general consensus among those that can form complete sentences thaâ€¦
60,adrienne_gg,"[""annogalactic""]",RT @AnnoGalactic: Can we have #Debatenight once a fortnight even after the election?
61,traceyhappymom,"[""geffgefferson1"",""junkywithamonke"",""realdonaldtrump""]","RT @GeffGefferson1: #IfIWonTheElection It Would Be A  HUGE DISASTER BIGLY!!!(@realDonaldTrump ONLY)
@JunkyWithAMonkE 
#NEVERTRUMP
#ImWitHerâ€¦"
62,ilikebigbuttand,"[""chiefplan1""]","RT @chiefplan1: Trump promises segregation--
https://t.co/SHXPDCyYVq"
63,bruciedublin,"[""annogalactic""]","RT @AnnoGalactic: #tshirtideas

                     I'm not
                 with stupid.
                         ðŸ‘‡
          @realdonaldâ€¦"
64,dannythehappies,"[""theclobra""]",RT @theclobra: With Hillary as our President maybe we can rebuild some of our bridges so these deplorables may return to whence they came.â€¦
65,ilikebigbuttand,"[""chiefplan1""]","RT @chiefplan1: Nice fantasy if true, but he embarrasses us daily to allies &amp; aids &amp; comforts enemies! Liar! SHAME! 
Unstable!Unfit! https:â€¦"
66,loragreeen,"[""dreamweasel""]","RT @Dreamweasel: I am aware of many Republicans who have endorsed Clinton. Can't name one Democrat who has done the same for Trump.

 #Elecâ€¦"
67,toneporter,"[""therealezway""]","RT @therealezway: The media has given Hillary the most negative coverage of any candidate, all for debunked claims. Trump's been given a biâ€¦"
68,cassieweltch,"[""therealezway""]","RT @therealezway: The media has given Hillary the most negative coverage of any candidate, all for debunked claims. Trump's been given a biâ€¦"
69,toneporter,"[""therealezway""]",RT @therealezway: Hillary Clinton just released her strategy to fully enroll mental healthcare into the healthcare system and it's gloriousâ€¦
70,gab1aldana,"[""shane_rodenbeck""]",RT @Shane_Rodenbeck: #RejectedDebateTopics: Hillary Clinton's qualifications
71,kathiemrr,"[""chiefplan1""]","RT @chiefplan1: So Delusional Donnie ends as he started:
Insulting people--2nite a woman, native Americans &amp; 1 last Anti-Semitic campaign aâ€¦"
72,traceyhappymom,"[""realdonaldtrump"",""chiefplan1""]","RT @chiefplan1: #FakeMusicalTheaterFacts

@realDonaldTrump is still pissed the New York Times refused to hire him as a theater critic in 19â€¦"
73,amandavgreen,"[""chiefplan1""]","RT @chiefplan1: #ThatDoesImpressMeMuch

Melania plagiarizing Michelle Obama &amp; Rick in the same speech.... https://t.co/CkvwrkShzg"
74,melvinsroberts,"[""chiefplan1""]","RT @chiefplan1: Delusional Donnie
Hitler wannabe wants to throw away the Constitution turn us into a banana republic
Toss out free speech fâ€¦"
75,hellieedwards,"[""midnight"",""hillaryclinton""]","RT @midnight: So hey @HillaryClinton you said you'll declassify all UFO documents if you're elected, but can we get a taste now to get throâ€¦"
76,dickyirwin,"[""stormynights10""]","RT @stormynights10: #TrumpsFavoriteHeadline Trump's Lingerie Bedroom Line Collection, with lead model Ivanka Trump"
77,brightandglory,"[""geffgefferson1"",""realdonaldtrump"",""junkywithamonke""]","RT @GeffGefferson1: #IfIWonTheElection It Would Be A  HUGE DISASTER BIGLY!!!(@realDonaldTrump ONLY)
@JunkyWithAMonkE 
#NEVERTRUMP
#ImWitHerâ€¦"
78,puredavie,"[""freedom2offend"",""pootie_tang666"",""theclobra""]",RT @Pootie_Tang666: @theclobra @freedom2offend #ElectionDay is like Asshole Christmas ðŸ˜‚ðŸ˜‚ðŸ˜‚ðŸ˜‚
79,loragreeen,"[""theclobra""]",RT @theclobra: #IfTheMediaRiggedTheElection it's just because there is a general consensus among those that can form complete sentences thaâ€¦
80,chrixmorgan,"[""shane_rodenbeck""]","RT @Shane_Rodenbeck: #RuinADinnerInOnePhrase: Hillary Clinton, is the most honest person I've seen."
81,puredavie,"[""kevin_m_hart"",""theclobra""]",RT @kevin_m_hart: @theclobra your tweets on pain killers help relieve our pain this #ElectionDay #KeepEmComing
82,jarrardnorman,"[""theclobra""]",RT @theclobra: Reagan would slap the steaks out of you for comparing yourself to him. #debatenight #debates
83,dominicvalent,"[""therealezway""]","RT @therealezway: The media has given Hillary the most negative coverage of any candidate, all for debunked claims. Trump's been given a biâ€¦"
84,calebpaar,"[""midnight""]","RT @midnight: When you let Trump run hashtag wars, you get extremely original hashtags like tonight's. #FishTV! Play along. https://t.co/Iuâ€¦"
85,catelinewatkins,"[""therealezway""]","RT @therealezway: The media has given Hillary the most negative coverage of any candidate, all for debunked claims. Trump's been given a biâ€¦"
86,jarrardnorman,"[""theclobra""]",RT @theclobra: Wonder if it would be cheaper to pay for products to remove all those Trump/Deplorable stickers or just buying a new bumperâ€¦
87,toneporter,"[""geffgefferson1"",""realdonaldtrump"",""midnight"",""remhq""]","RT @GeffGefferson1: #ImVotingBecause If @realDonaldTrump Wins...
@midnight 
@remhq 
https://t.co/optiOnvqSs"
88,loragreeen,"[""midnight""]",Aliens: Trump Gets Married #BadMonsterMovies @midnight
89,hipppo_,"[""therealezway""]","RT @therealezway: The media has given Hillary the most negative coverage of any candidate, all for debunked claims. Trump's been given a biâ€¦"
90,worldofhashtags,"[""stormynights10""]","RT @stormynights10: #ObamasWishList Marry Donald Trump and become the First Lady, Obama Trump"
91,melvinsroberts,"[""therealezway"",""realdonaldtrump""]",RT @therealezway: @realDonaldTrump Words! Presidency! Exclamation Marks! No substance!
92,giselleevns,"[""stormynights10""]","RT @stormynights10: #TrumpsFavoriteHeadline News broadcast: A newly discovered earth-like planet named after Trump, ""Melania and the Tramp"""
93,jasper_fly,"[""theclobra""]",RT @theclobra: #IWantCreditFor making it out of the bad side of Chicago as a young poor black woman. - Melania Trump
94,brightandglory,"[""realdonaldtrump"",""chiefplan1""]","RT @chiefplan1: #FakeMusicalTheaterFacts

@realDonaldTrump is still pissed the New York Times refused to hire him as a theater critic in 19â€¦"
95,dominicvalent,"[""therealezway""]","RT @therealezway: OMG Obama sent cash to Iran? 
Yes

For Prisoners?
No

For a legal dispute back from 1979?
Yes

Did Reagan ever use ransomâ€¦"
96,meggieoneil,"[""midnight""]",Trump learned about time travel @midnight #TimeTravelerProblems
97,gab1aldana,"[""therealezway""]","RT @therealezway: OMG Obama sent cash to Iran? 
Yes

For Prisoners?
No

For a legal dispute back from 1979?
Yes

Did Reagan ever use ransomâ€¦"
98,cassieweltch,"[""chiefplan1""]","RT @chiefplan1: Debate watch:
Notice how, w/every lie Delusional Donnie tells, bags under his eyes get bigger--fuller of baggage--&amp; his eyeâ€¦"
99,bruciedublin,"[""annogalactic""]",RT @AnnoGalactic: Trump: American Bald Ego.
100,holycrapchrix,"[""therealezway"",""americaferrera""]",RT @therealezway: .@AmericaFerrera I have a plan to combat social stratification in school lunches. What do you think? #DemConvention httpsâ€¦
101,gab1aldana,"[""midnight""]",GOP on the Cob #PoliticalFoods @midnight
102,mr_clampin,"[""annogalactic""]",RT @AnnoGalactic: Trump: American Bald Ego.
103,jarrardnorman,"[""pootie_tang666"",""freedom2offend"",""theclobra""]",RT @Pootie_Tang666: @theclobra @freedom2offend #ElectionDay is like Asshole Christmas ðŸ˜‚ðŸ˜‚ðŸ˜‚ðŸ˜‚
104,cassieweltch,"[""dreamweasel""]","RT @Dreamweasel: Would a literal feces-throwing chimp earn 30% of the vote if the GOP nominated it to run against Hillary Clinton

 #Rejectâ€¦"
105,holycrapchrix,"[""shane_rodenbeck""]","RT @Shane_Rodenbeck: #IHaveARightToKnow with all the sniffing Trump was doing. Why didnt he offer any of that cocaine to Lester, so Lesterâ€¦"
106,dickyirwin,"[""dreamweasel""]","RT @Dreamweasel: Would a literal feces-throwing chimp earn 30% of the vote if the GOP nominated it to run against Hillary Clinton

 #Rejectâ€¦"
107,loragreeen,"[""shane_rodenbeck""]",RT @Shane_Rodenbeck: #RejectedDebateTopics: Hillary Clinton's qualifications
108,claudia42kern,"[""midnight""]","Do you feel lucky, Trump? #OneWordOffMovieQuotes @midnight"
109,mr_clampin,"[""stormynights10""]","RT @stormynights10: #TrumpsFavoriteHeadline Trump's Lingerie Bedroom Line Collection, with lead model Ivanka Trump"
110,kathiemrr,"[""chiefplan1""]","RT @chiefplan1: #ThatDoesImpressMeMuch

Melania plagiarizing Michelle Obama &amp; Rick in the same speech.... https://t.co/CkvwrkShzg"
111,jasper_fly,"[""annogalactic""]",RT @AnnoGalactic: Trump: American Bald Ego.
112,hellieedwards,"[""therealezway""]","RT @therealezway: The media has given Hillary the most negative coverage of any candidate, all for debunked claims. Trump's been given a biâ€¦"
113,kencannone,"[""dreamweasel""]","RT @Dreamweasel: Would a literal feces-throwing chimp earn 30% of the vote if the GOP nominated it to run against Hillary Clinton

 #Rejectâ€¦"
114,hipppo_,"[""chiefplan1""]","RT @chiefplan1: This would be a direct violation of the law under the Logan Act &amp; others!

L9ck them up! https://t.co/GQprSfT9jO"
115,bruciedublin,"[""realdonaldtrump"",""annogalactic""]","RT @AnnoGalactic: Of course @realdonaldtrump says he doesn't believe in climate change, he's heavily invested in fossil fuels."
116,aiden7757,"[""theclobra"",""kevin_m_hart""]",RT @kevin_m_hart: @theclobra your tweets on pain killers help relieve our pain this #ElectionDay #KeepEmComing
117,cascaseyp,"[""dreamweasel""]",RT @Dreamweasel: #ItMayComeAsAShockToYouBut reminding Democrats that Robert Byrd was in the KKK 60 years ago does not excuse Donald Trump'sâ€¦
118,loragreeen,"[""therealezway""]","RT @therealezway: The media has given Hillary the most negative coverage of any candidate, all for debunked claims. Trump's been given a biâ€¦"
119,danageezus,"[""stormynights10""]","RT @stormynights10: #TrumpsFavoriteHeadline Trump's Lingerie Bedroom Line Collection, with lead model Ivanka Trump"
120,calebpaar,"[""stormynights10""]","RT @stormynights10: #TrumpsFavoriteHeadline Trump's Lingerie Bedroom Line Collection, with lead model Ivanka Trump"
121,cascaseyp,"[""realdonaldtrump"",""chiefplan1""]","RT @chiefplan1: #FakeMusicalTheaterFacts

@realDonaldTrump is still pissed the New York Times refused to hire him as a theater critic in 19â€¦"
122,hipppo_,"[""dreamweasel""]","RT @Dreamweasel: Would a literal feces-throwing chimp earn 30% of the vote if the GOP nominated it to run against Hillary Clinton

 #Rejectâ€¦"
123,adrienne_gg,"[""therealezway""]",RT @therealezway: Soros got people to wear #BlackLivesMatter shirts at Trump rallies to prove how uncivilized Trump supporters are.
124,giselleevns,"[""dreamweasel""]","RT @Dreamweasel: - Obama Faked Birth Certificate
- Benghazi Is a Real Scandal
- Loud, Orange-Skinned Bigots Are Chick Magnets

 #TrumpsFavoâ€¦"
125,hellieedwards,"[""chiefplan1""]","RT @chiefplan1: Delusional Donnie
Hitler wannabe wants to throw away the Constitution turn us into a banana republic
Toss out freeâ€¦ "
126,aiden7757,"[""stormynights10""]","RT @stormynights10: #TrumpsFavoriteHeadline Trump's Lingerie Bedroom Line Collection, with lead model Ivanka Trump"
127,curtisbigman,"[""stormynights10""]","RT @stormynights10: #ObamasWishList Marry Donald Trump and become the First Lady, Obama Trump"
128,jarrardnorman,"[""dreamweasel""]",RT @Dreamweasel: #ItMayComeAsAShockToYouBut reminding Democrats that Robert Byrd was in the KKK 60 years ago does not excuse Donald Trump'sâ€¦
129,melvinsroberts,"[""shane_rodenbeck""]","RT @Shane_Rodenbeck: #IHaveARightToKnow if Hillary Clinton, is actually one of those Lizard people. Who lives underground..."
130,worldofhashtags,"[""stormynights10""]",RT @stormynights10: #DontTellAnyoneBut I'd like to have a serious conversation with Melania Trump
131,pamblmdaniels,"[""dreamweasel""]","RT @Dreamweasel: Jon Stewart is correct that not all Trump supporters are racist.

But they heard what Trump said, and voted for him. That'â€¦"
132,cascaseyp,"[""dreamweasel""]","RT @Dreamweasel: Would a literal feces-throwing chimp earn 30% of the vote if the GOP nominated it to run against Hillary Clinton

 #Rejectâ€¦"
133,melvinsroberts,"[""chiefplan1""]","RT @chiefplan1: So Delusional Donnie ends as he started:
Insulting people--2nite a woman, native Americans &amp; 1 last Anti-Semitic campaign aâ€¦"
134,loragreeen,"[""realdonaldtrump"",""geffgefferson1"",""junkywithamonke""]","RT @GeffGefferson1: #IfIWonTheElection It Would Be A  HUGE DISASTER BIGLY!!!(@realDonaldTrump ONLY)
@JunkyWithAMonkE 
#NEVERTRUMP
#ImWitHerâ€¦"
135,loragreeen,"[""annogalactic""]","RT @AnnoGalactic: #tshirtideas

                     I'm not
                 with stupid.
                         ðŸ‘‡
          @realdonaldâ€¦"
136,giselleevns,"[""stormynights10""]","RT @stormynights10: #DontTellAnyoneBut I have been inspired by Melania Trump's speeches and her unequivocal ideology on life, she is definiâ€¦"
137,danageezus,"[""shane_rodenbeck""]",RT @Shane_Rodenbeck: #ObamasWishList: For Michelle Obama to finally turn into a real boy.
138,dominicvalent,"[""chiefplan1""]","RT @chiefplan1: Make it Viral folks! 
FBI finds no criminality in review of newly discovered Clinton emails https://t.co/AhhbllYFS0 via @nbâ€¦"
139,dominicvalent,"[""shane_rodenbeck""]","RT @Shane_Rodenbeck: #IHaveARightToKnow if Obama is planning on moving back to his birthplace, Kenya."
140,hipppo_,"[""midnight""]",The Trump. The horror. @midnight #OneWordOffMovieQuotes
141,worldofhashtags,"[""shane_rodenbeck""]",RT @Shane_Rodenbeck: #ObamasWishList: For Michelle Obama to finally turn into a real boy.
142,dominicvalent,"[""realdonaldtrump"",""chiefplan1""]","RT @chiefplan1: #FakeMusicalTheaterFacts

@realDonaldTrump is still pissed the New York Times refused to hire him as a theater critic in 19â€¦"
143,ilikebigbuttand,"[""realdonaldtrump"",""therealezway""]",RT @therealezway: @realDonaldTrump Words! Presidency! Exclamation Marks! No substance!
144,catelinewatkins,"[""theclobra""]",RT @theclobra: #IWantCreditFor making it out of the bad side of Chicago as a young poor black woman. - Melania Trump
145,adrienne_gg,"[""stormynights10""]","RT @stormynights10: #TrumpsFavoriteHeadline Trump's Lingerie Bedroom Line Collection, with lead model Ivanka Trump"
146,daileyjadon,"[""chiefplan1""]","RT @chiefplan1: This would be a direct violation of the law under the Logan Act &amp; others!

L9ck them up! https://t.co/GQprSfT9jO"
147,ilikebigbuttand,"[""chiefplan1""]","RT @chiefplan1: Debate watch:
Notice how, w/every lie Delusional Donnie tells, bags under his eyes get bigger--fuller of baggage--&amp; his eyeâ€¦"
148,melvinsroberts,"[""chiefplan1""]","RT @chiefplan1: Trump promises segregation--
https://t.co/SHXPDCyYVq"
149,meggieoneil,"[""realdonaldtrump"",""therealezway""]",RT @therealezway: @realDonaldTrump Words! Presidency! Exclamation Marks! No substance!
150,holycrapchrix,"[""theclobra""]",RT @theclobra: #IfTheMediaRiggedTheElection it's just because there is a general consensus among those that can form complete sentences thaâ€¦
151,giselleevns,"[""stormynights10""]",RT @stormynights10: #DontTellAnyoneBut I'd like to have a serious conversation with Melania Trump
152,danageezus,"[""stormynights10""]","RT @stormynights10: #ObamasWishList Marry Donald Trump and become the First Lady, Obama Trump"
153,dannythehappies,"[""chiefplan1""]","RT @chiefplan1: This would be a direct violation of the law under the Logan Act &amp; others!

L9ck them up! https://t.co/GQprSfT9jO"
154,traceyhappymom,"[""chiefplan1""]","RT @chiefplan1: Make it Viral folks! 
FBI finds no criminality in review of newly discovered Clinton emails https://t.co/AhhbllYFS0 via @nbâ€¦"
155,aiden7757,"[""theclobra""]",RT @theclobra: Sorry in advance to my followers. It's #ElectionDay and I'm on pain killers from my surgery. Probably gonna hear some thingsâ€¦
156,giselleevns,"[""dreamweasel""]","RT @Dreamweasel: Mr. Trump, if Hillary Clinton started Birtherism, why do 100% of Birthers support you?  

 #RejectedDebateTopics"
157,traceyhappymom,"[""chiefplan1""]","RT @chiefplan1: Trump promises segregation--
https://t.co/SHXPDCyYVq"
158,melvinsroberts,"[""americaferrera"",""therealezway""]",RT @therealezway: .@AmericaFerrera I have a plan to combat social stratification in school lunches. What do you think? #DemConvention httpsâ€¦
159,brightandglory,"[""realdonaldtrump"",""geffgefferson1""]",RT @GeffGefferson1: A @realDonaldTrump Presidency #ReasonsHumansWillGoExtinct
160,loragreeen,"[""stormynights10""]",RT @stormynights10: #DontTellAnyoneBut I thought I saw Trump lurking in my neighbors bushes yesterday
161,bruciedublin,"[""geffgefferson1"",""midnight""]","RT @GeffGefferson1: #OverheardAtRNC Does This White Hood Make Me Look Fat???   
@midnight  
#RNCinCLE"
162,puredavie,"[""shane_rodenbeck""]","RT @Shane_Rodenbeck: #MustBeBanned: Barack Obama speaking, when he finally gets the fuck out of office."
163,heyheyhailey,"[""annogalactic""]","RT @AnnoGalactic: #tshirtideas

                     I'm not
                 with stupid.
                         ðŸ‘‡
          @realdonaldâ€¦"
164,puredavie,"[""annogalactic""]",RT @AnnoGalactic: Can we have #Debatenight once a fortnight even after the election?
165,holycrapchrix,"[""shane_rodenbeck""]","RT @Shane_Rodenbeck: #IHaveARightToKnow if Obama is planning on moving back to his birthplace, Kenya."
166,worldofhashtags,"[""dreamweasel""]","RT @Dreamweasel: The subset of the population absolutely convinced that Hillary Clinton is History's Greatest Monster

 #ThingsThatDisturbMe"
167,claudia42kern,"[""realdonaldtrump"",""annogalactic""]","RT @AnnoGalactic: Of course @realdonaldtrump says he doesn't believe in climate change, he's heavily invested in fossil fuels."
168,bgarner2107,"[""therealezway""]","RT @therealezway: OMG Obama sent cash to Iran? 
Yes

For Prisoners?
No

For a legal dispute back from 1979?
Yes

Did Reagan ever use ransomâ€¦"
169,melvinsroberts,"[""shane_rodenbeck""]","RT @Shane_Rodenbeck: #IHaveARightToKnow if Obama is planning on moving back to his birthplace, Kenya."
170,melvinsroberts,"[""annogalactic""]","RT @AnnoGalactic: #tshirtideas

                     I'm not
                 with stupid.
                         ðŸ‘‡
          @realdonaldâ€¦"
171,aiden7757,"[""therealezway""]",RT @therealezway: George Soros left is retooling the left's strategy to defeat Trump and that scares the vermin Alt-Right naturally. Don'tâ€¦
172,amandavgreen,"[""therealezway""]",RT @therealezway: Hillary Clinton just released her strategy to fully enroll mental healthcare into the healthcare system and it's gloriousâ€¦
173,cassieweltch,"[""theclobra""]",RT @theclobra: Sorry in advance to my followers. It's #ElectionDay and I'm on pain killers from my surgery. Probably gonna hear some thingsâ€¦
174,dominicvalent,"[""chiefplan1""]","RT @chiefplan1: Delusional Donnie-racist facist xenophobe misogynist predator! UNFIT
Deplorable &amp; irredeemable!
Support him-
don'tâ€¦ "
175,bgarner2107,"[""chiefplan1""]","RT @chiefplan1: #ElectionDayIn5Words

Unfit Loser Trump's
Mental Breakdown"
176,heyheyhailey,"[""shane_rodenbeck""]",RT @Shane_Rodenbeck: #RejectedDebateTopics: Hillary Clinton's qualifications
177,worldofhashtags,"[""dreamweasel""]","RT @Dreamweasel: Mr. Trump, if Hillary Clinton started Birtherism, why do 100% of Birthers support you?  

 #RejectedDebateTopics"
178,loragreeen,"[""chiefplan1""]","RT @chiefplan1: Nice fantasy if true, but he embarrasses us daily to allies &amp; aids &amp; comforts enemies! Liar! SHAME! 
Unstable!Unfit! https:â€¦"
179,curtisbigman,"[""dreamweasel""]","RT @Dreamweasel: ""Mrs. Clinton, if you're so clever, can YOU craft a compelling reason to vote for Trump?""

""Sit down, Senator Ryan.""

#Rejâ€¦"
180,amandavgreen,"[""realdonaldtrump"",""chiefplan1""]","RT @chiefplan1: #BadRejections
what these United States of America are going to do to unfit unqualified unacceptable @realDonaldTrump &amp; hisâ€¦"
181,mr_clampin,"[""chiefplan1"",""realdonaldtrump""]","RT @chiefplan1: #FakeMusicalTheaterFacts

@realDonaldTrump is still pissed the New York Times refused to hire him as a theater critic in 19â€¦"
182,hellieedwards,"[""annogalactic""]",RT @AnnoGalactic: I'm bored with the election. When's Kanye vs Trump start?
183,dickyirwin,"[""chiefplan1""]","RT @chiefplan1: #ElectionDayIn5Words

Unfit Loser Trump's
Mental Breakdown"
184,amandavgreen,"[""therealezway""]","RT @therealezway: Chris Wallace has vowed not to fact-check this debate, which means that Trump has a ridiculous advantage"
185,calebpaar,"[""therealezway""]",RT @therealezway: Hillary Clinton just released her strategy to fully enroll mental healthcare into the healthcare system and it's gloriousâ€¦
186,kathiemrr,"[""theclobra""]",RT @theclobra: #IfTheMediaRiggedTheElection it's just because there is a general consensus among those that can form complete sentences thaâ€¦
187,curtisbigman,"[""annogalactic"",""realdonaldtrump""]","RT @AnnoGalactic: Of course @realdonaldtrump says he doesn't believe in climate change, he's heavily invested in fossil fuels."
188,aiden7757,"[""chiefplan1""]","RT @chiefplan1: Debate watch:
Notice how, w/every lie Delusional Donnie tells, bags under his eyes get bigger--fuller of baggage--&amp; his eyeâ€¦"
189,dannythehappies,"[""realdonaldtrump"",""geffgefferson1"",""remhq"",""midnight""]","RT @GeffGefferson1: #ImVotingBecause If @realDonaldTrump Wins...
@midnight 
@remhq 
https://t.co/optiOnvqSs"
190,giselleevns,"[""shane_rodenbeck""]",RT @Shane_Rodenbeck: #RejectedDebateTopics: Hillary Clinton's qualifications
191,chrixmorgan,"[""shane_rodenbeck""]","RT @Shane_Rodenbeck: #MakeMeHateYouInOnePhrase: Hillary Clinton is a real woman, not a robot"
192,heyheyhailey,"[""chiefplan1""]","RT @chiefplan1: Debate watch:
Notice how, w/every lie Delusional Donnie tells, bags under his eyes get bigger--fuller of baggage--&amp; his eyeâ€¦"
193,brightandglory,"[""chiefplan1""]","RT @chiefplan1: Nice fantasy if true, but he embarrasses us daily to allies &amp; aids &amp; comforts enemies! Liar! SHAME! 
Unstable!Unfit! https:â€¦"
194,dickyirwin,"[""chiefplan1""]","RT @chiefplan1: Delusional Donnie-racist facist xenophobe misogynist predator! UNFIT
Deplorable &amp; irredeemable!
Support him-
don'tâ€¦ "
195,traceyhappymom,"[""theclobra""]","RT @theclobra: Division or Unity, Your Choice #ElectionDayIn5Words #StrongerTogether #ImWithHer"
196,cassieweltch,"[""dreamweasel""]","RT @Dreamweasel: ""Mrs. Clinton, if you're so clever, can YOU craft a compelling reason to vote for Trump?""

""Sit down, Senator Ryan.""

#Rejâ€¦"
197,worldofhashtags,"[""shane_rodenbeck""]","RT @Shane_Rodenbeck: #IHaveARightToKnow if Hillary Clinton, is actually one of those Lizard people. Who lives underground..."
198,hipppo_,"[""dreamweasel""]","RT @Dreamweasel: ""Mrs. Clinton, if you're so clever, can YOU craft a compelling reason to vote for Trump?""

""Sit down, Senator Ryan.""

#Rejâ€¦"
199,dickyirwin,"[""shane_rodenbeck""]","RT @Shane_Rodenbeck: #IHaveARightToKnow if Obama is planning on moving back to his birthplace, Kenya."
200,ilikebigbuttand,"[""shane_rodenbeck""]",RT @Shane_Rodenbeck: #RejectedDebateTopics: Hillary Clinton's qualifications
201,lynsrodriguez,"[""chiefplan1""]","RT @chiefplan1: #ElectionDayIn5Words

Unfit Loser Trump's
Mental Breakdown"
202,chrixmorgan,"[""dreamweasel""]","RT @Dreamweasel: The subset of the population absolutely convinced that Hillary Clinton is History's Greatest Monster

 #ThingsThatDisturbMe"
203,kencannone,"[""chiefplan1""]","RT @chiefplan1: Debate watch:
Notice how, w/every lie Delusional Donnie tells, bags under his eyes get bigger--fuller of baggage--&amp; his eyeâ€¦"
204,traceyhappymom,"[""theclobra""]",RT @theclobra: How about you apologize for all of the lies and predictions you made regarding Obama before you start on Hillary. #DemsInPhiâ€¦
205,notritahart,"[""annogalactic""]",RT @AnnoGalactic: Trump: American Bald Ego.
206,dickyirwin,"[""therealezway""]",RT @therealezway: Hillary Clinton just released her strategy to fully enroll mental healthcare into the healthcare system and it's gloriousâ€¦
207,aiden7757,"[""dreamweasel""]","RT @Dreamweasel: ""Mrs. Clinton, if you're so clever, can YOU craft a compelling reason to vote for Trump?""

""Sit down, Senator Ryan.""

#Rejâ€¦"
208,ilikebigbuttand,"[""therealezway""]",RT @therealezway: Hillary Clinton just released her strategy to fully enroll mental healthcare into the healthcare system and it's gloriousâ€¦
209,aiden7757,"[""chiefplan1"",""realdonaldtrump""]","RT @chiefplan1: #ElectionFinalThoughts
Damn --Delusional Donnie-'
you are darker than Darth,
Dangerously Unfit!
@realDonaldTrump https://t.â€¦"
210,holycrapchrix,"[""dreamweasel""]","RT @Dreamweasel: Would a literal feces-throwing chimp earn 30% of the vote if the GOP nominated it to run against Hillary Clinton

 #Rejectâ€¦"
211,melvinsroberts,"[""geffgefferson1""]","RT @GeffGefferson1: Republicans Think Movie Actors Are The People They Portray...No Wonder They Ended Up With Trump...
#BradleyCooper 
#DNCâ€¦"
212,ilikebigbuttand,"[""shane_rodenbeck""]","RT @Shane_Rodenbeck: #IHaveARightToKnow if Hillary Clinton, is actually one of those Lizard people. Who lives underground..."
213,worldofhashtags,"[""dreamweasel""]","RT @Dreamweasel: Would a literal feces-throwing chimp earn 30% of the vote if the GOP nominated it to run against Hillary Clinton

 #Rejectâ€¦"
214,dominicvalent,"[""geffgefferson1""]","RT @GeffGefferson1: Republicans Think Movie Actors Are The People They Portray...No Wonder They Ended Up With Trump...
#BradleyCooper 
#DNCâ€¦"
215,amandavgreen,"[""dreamweasel""]","RT @Dreamweasel: I am aware of many Republicans who have endorsed Clinton. Can't name one Democrat who has done the same for Trump.

 #Elecâ€¦"
216,amandavgreen,"[""chiefplan1"",""realdonaldtrump""]","RT @chiefplan1: #FakeMusicalTheaterFacts

@realDonaldTrump is still pissed the New York Times refused to hire him as a theater critic in 19â€¦"
217,hellieedwards,"[""chiefplan1""]","RT @chiefplan1: Debate watch:
Notice how, w/every lie Delusional Donnie tells, bags under his eyes get bigger--fuller of baggage--&amp; his eyeâ€¦"
218,chrixmorgan,"[""stormynights10""]","RT @stormynights10: #TrumpsFavoriteHeadline Trump's Lingerie Bedroom Line Collection, with lead model Ivanka Trump"
219,queenofthewo,"[""theclobra""]",RT @theclobra: Sorry in advance to my followers. It's #ElectionDay and I'm on pain killers from my surgery. Probably gonna hear some thingsâ€¦
220,hipppo_,"[""shane_rodenbeck""]","RT @Shane_Rodenbeck: #MustBeBanned: Barack Obama speaking, when he finally gets the fuck out of office."
221,jarrardnorman,"[""dreamweasel""]","RT @Dreamweasel: ""Mrs. Clinton, if you're so clever, can YOU craft a compelling reason to vote for Trump?""

""Sit down, Senator Ryan.""

#Rejâ€¦"
222,claudia42kern,"[""theclobra""]",RT @theclobra: #IWantCreditFor making it out of the bad side of Chicago as a young poor black woman. - Melania Trump
223,toneporter,"[""therealezway""]",RT @therealezway: George Soros left is retooling the left's strategy to defeat Trump and that scares the vermin Alt-Right naturally. Don'tâ€¦
224,bruciedublin,"[""midnight""]","Sorry, Trump's president, and you're  a Muslim. You can't enter past 2016. #TimeTravelerProblems @midnight"
225,puredavie,"[""shane_rodenbeck""]",RT @Shane_Rodenbeck: #RejectedDebateTopics: Hillary Clinton's qualifications
226,jasper_fly,"[""hardwick"",""midnight""]",Friendlier Stormtroopers than the RNC #ComicConIn5Words @midnight @hardwick
227,loragreeen,"[""chiefplan1""]","RT @chiefplan1: Debate watch:
Notice how, w/every lie Delusional Donnie tells, bags under his eyes get bigger--fuller of baggage--&amp; his eyeâ€¦"
228,heyheyhailey,"[""annogalactic"",""realdonaldtrump""]","RT @AnnoGalactic: Of course @realdonaldtrump says he doesn't believe in climate change, he's heavily invested in fossil fuels."
229,calebpaar,"[""theclobra""]",RT @theclobra: Wonder if it would be cheaper to pay for products to remove all those Trump/Deplorable stickers or just buying a new bumperâ€¦
230,aiden7757,"[""realdonaldtrump"",""geffgefferson1"",""remhq"",""midnight""]","RT @GeffGefferson1: #ImVotingBecause If @realDonaldTrump Wins...
@midnight 
@remhq 
https://t.co/optiOnvqSs"
231,giselleevns,"[""stormynights10""]","RT @stormynights10: #ObamasWishList Marry Donald Trump and become the First Lady, Obama Trump"
232,bruciedublin,"[""stormynights10""]",RT @stormynights10: #DontTellAnyoneBut I thought I saw Trump lurking in my neighbors bushes yesterday
233,amandavgreen,"[""chiefplan1""]",RT @chiefplan1: When real patriotic Americans talk about apologies we talk about Delusional Donnie-the racist fascist xenophobic miâ€¦ 
234,curtisbigman,"[""chiefplan1""]",RT @chiefplan1: Don't kid yourself Delusional Donnie there arent tens of millions of Americans being written off--you dont have thaâ€¦ 
235,kencannone,"[""midnight""]",Pinpointing the exact moment to go back and prevent Trump! #TimeTravelerProblems @midnight
236,hellieedwards,"[""chiefplan1"",""realdonaldtrump""]",RT @chiefplan1: #IDontThinkIWasMeantTo vote for a cheeto faced ferret wearing shitgibbon demogogue like unfit @realDonaldTrump https://t.coâ€¦
237,dannythehappies,"[""shane_rodenbeck""]","RT @Shane_Rodenbeck: #MustBeBanned: Barack Obama speaking, when he finally gets the fuck out of office."
238,loragreeen,"[""dreamweasel""]","RT @Dreamweasel: Would a literal feces-throwing chimp earn 30% of the vote if the GOP nominated it to run against Hillary Clinton

 #Rejectâ€¦"
239,claudia42kern,"[""midnight""]",Does Trump's head look like a rotten Jack O'Lantern? #ThingsHillaryGoogles @midnight
240,dominicvalent,"[""dreamweasel""]","RT @Dreamweasel: Would a literal feces-throwing chimp earn 30% of the vote if the GOP nominated it to run against Hillary Clinton

 #Rejectâ€¦"
241,cascaseyp,"[""stormynights10""]","RT @stormynights10: #TrumpsFavoriteHeadline Trump's Lingerie Bedroom Line Collection, with lead model Ivanka Trump"
242,ilikebigbuttand,"[""realdonaldtrump"",""chiefplan1""]","RT @chiefplan1: #IForgotToSay
@realDonaldTrump
Release yr taxes or renounce yr citizenship Unfit unqualified unacceptable liar loser https:â€¦"
243,ilikebigbuttand,"[""shane_rodenbeck""]","RT @Shane_Rodenbeck: #IHaveARightToKnow if Obama is planning on moving back to his birthplace, Kenya."
244,bgarner2107,"[""midnight""]",The name Ken Bone was inspired by the ken doll for the fact trump has no penis. #KenBoneFacts @midnight
245,adrienne_gg,"[""therealezway""]",RT @therealezway: Hillary Clinton just released her strategy to fully enroll mental healthcare into the healthcare system and it's gloriousâ€¦
246,jarrardnorman,"[""therealezway""]","RT @therealezway: The media has given Hillary the most negative coverage of any candidate, all for debunked claims. Trump's been given a biâ€¦"
247,gab1aldana,"[""geffgefferson1""]","RT @GeffGefferson1: Republicans Think Movie Actors Are The People They Portray...No Wonder They Ended Up With Trump...
#BradleyCooper 
#DNCâ€¦"
248,chrixmorgan,"[""dreamweasel""]","RT @Dreamweasel: ""Mrs. Clinton, if you're so clever, can YOU craft a compelling reason to vote for Trump?""

""Sit down, Senator Ryan.""

#Rejâ€¦"
249,charlesjharper,"[""stormynights10""]",RT @stormynights10: #DontTellAnyoneBut I thought I saw Trump lurking in my neighbors bushes yesterday
250,cascaseyp,"[""therealezway""]","RT @therealezway: The media has given Hillary the most negative coverage of any candidate, all for debunked claims. Trump's been given a biâ€¦"
251,loragreeen,"[""geffgefferson1"",""realdonaldtrump""]",RT @GeffGefferson1: A @realDonaldTrump Presidency #ReasonsHumansWillGoExtinct
252,curtisbigman,"[""shane_rodenbeck""]","RT @Shane_Rodenbeck: #MustBeBanned: Barack Obama speaking, when he finally gets the fuck out of office."
253,brightandglory,"[""midnight""]","Frankly, Scarlett, I don't give a Trump #OneWordOffMovieQuotes @midnight"
254,curtisbigman,"[""geffgefferson1""]","RT @GeffGefferson1: Republicans Think Movie Actors Are The People They Portray...No Wonder They Ended Up With Trump...
#BradleyCooper 
#DNCâ€¦"
255,loragreeen,"[""chiefplan1""]",RT @chiefplan1: When real patriotic Americans talk about apologies we talk about Delusional Donnie-the racist fascist xenophobic miâ€¦ 
256,claudia42kern,"[""dreamweasel""]","RT @Dreamweasel: The subset of the population absolutely convinced that Hillary Clinton is History's Greatest Monster

 #ThingsThatDisturbMe"
257,brightandglory,"[""chiefplan1""]","RT @chiefplan1: #ThatDoesImpressMeMuch

Melania plagiarizing Michelle Obama &amp; Rick in the same speech.... https://t.co/CkvwrkShzg"
258,holycrapchrix,"[""midnight""]",Fewer supervillains than the RNC.  #ComicConIn5Words @midnight
259,kathiemrr,"[""midnight""]",@midnight Garbage Plate aka Donald Trump #PoliticalFoods
260,bgarner2107,"[""annogalactic""]",RT @AnnoGalactic: Donald Trump: defining deplorable for the poorly educated.
261,queenofthewo,"[""stormynights10""]","RT @stormynights10: #TrumpsFavoriteHeadline Trump's Lingerie Bedroom Line Collection, with lead model Ivanka Trump"
262,curtisbigman,"[""chiefplan1""]","RT @chiefplan1: So Delusional Donnie ends as he started:
Insulting people--2nite a woman, native Americans &amp; 1 last Anti-Semitic caâ€¦ "
263,toneporter,"[""theclobra""]",RT @theclobra: Sorry in advance to my followers. It's #ElectionDay and I'm on pain killers from my surgery. Probably gonna hear some thingsâ€¦
264,calebpaar,"[""theclobra""]",RT @theclobra: #IfTheMediaRiggedTheElection it's just because there is a general consensus among those that can form complete sentences thaâ€¦
265,lynsrodriguez,"[""stormynights10""]",RT @stormynights10: #DontTellAnyoneBut I thought I saw Trump lurking in my neighbors bushes yesterday
266,queenofthewo,"[""theclobra""]",RT @theclobra: Wonder if it would be cheaper to pay for products to remove all those Trump/Deplorable stickers or just buying a new bumperâ€¦
267,giselleevns,"[""shane_rodenbeck""]",RT @Shane_Rodenbeck: #DontTellAnyoneBut I do believe Michelle Obama has a dick. https://t.co/meS4DArXUr
268,giselleevns,"[""dreamweasel""]","RT @Dreamweasel: POLL: 86% of Americans Blame Afghanistan War, Iraq War, 9-11 on Obama Administration

 #TrumpsFavoriteHeadline"
269,dominicvalent,"[""shane_rodenbeck""]",RT @Shane_Rodenbeck: #RejectedDebateTopics: Hillary Clinton's qualifications
270,bruciedublin,"[""dreamweasel""]","RT @Dreamweasel: The subset of the population absolutely convinced that Hillary Clinton is History's Greatest Monster

 #ThingsThatDisturbMe"
271,loragreeen,"[""chiefplan1""]","RT @chiefplan1: #ElectionDayIn5Words

Unfit Loser Trump's
Mental Breakdown"
272,bgarner2107,"[""shane_rodenbeck""]","RT @Shane_Rodenbeck: #MustBeBanned: Barack Obama speaking, when he finally gets the fuck out of office."
273,claudia42kern,"[""shane_rodenbeck""]","RT @Shane_Rodenbeck: #IHaveARightToKnow if Obama is planning on moving back to his birthplace, Kenya."
274,hellieedwards,"[""midnight"",""realdonaldtrump""]","Shut the fuck up, Donald.  @realDonaldTrump #OneWordOffMovieQuotes @midnight"
275,adrienne_gg,"[""midnight""]","RT @midnight: When you let Trump run hashtag wars, you get extremely original hashtags like tonight's. #FishTV! Play along. https://t.co/Iuâ€¦"
276,ilikebigbuttand,"[""chiefplan1""]","RT @chiefplan1: #ElectionDayIn5Words

Unfit Loser Trump's
Mental Breakdown"
277,puredavie,"[""theclobra""]",RT @theclobra: Wonder if it would be cheaper to pay for products to remove all those Trump/Deplorable stickers or just buying a new bumperâ€¦
278,dominicvalent,"[""chiefplan1""]",RT @chiefplan1: Don't kid yourself Delusional Donnie there arent tens of millions of Americans being written off--you dont have thaâ€¦ 
279,worldofhashtags,"[""dreamweasel""]","RT @Dreamweasel: Has the GOP selected a different burnt-orange overconfident halfwit racist to challenge Clinton in 2020

 #RejectedDebateTâ€¦"
280,traceyhappymom,"[""annogalactic"",""realdonaldtrump""]","RT @AnnoGalactic: Of course @realdonaldtrump says he doesn't believe in climate change, he's heavily invested in fossil fuels."
281,giselleevns,"[""shane_rodenbeck""]","RT @Shane_Rodenbeck: #MustBeBanned: Barack Obama speaking, when he finally gets the fuck out of office."
282,calebpaar,"[""realdonaldtrump"",""chiefplan1""]","RT @chiefplan1: #ElectionFinalThoughts
Damn --Delusional Donnie-'
you are darker than Darth,
Dangerously Unfit!
@realDonaldTrump https://t.â€¦"
283,hellieedwards,"[""chiefplan1""]",RT @chiefplan1: When real patriotic Americans talk about apologies we talk about Delusional Donnie-the racist fascist xenophobic miâ€¦ 
284,bruciedublin,"[""therealezway""]",RT @therealezway: Hillary Clinton just released her strategy to fully enroll mental healthcare into the healthcare system and it's gloriousâ€¦
285,traceyhappymom,"[""stormynights10""]",RT @stormynights10: #DontTellAnyoneBut I thought I saw Trump lurking in my neighbors bushes yesterday
286,gab1aldana,"[""dreamweasel""]","RT @Dreamweasel: Would a literal feces-throwing chimp earn 30% of the vote if the GOP nominated it to run against Hillary Clinton

 #Rejectâ€¦"
287,jasper_fly,"[""shane_rodenbeck""]","RT @Shane_Rodenbeck: #MustBeBanned: Barack Obama speaking, when he finally gets the fuck out of office."
288,melvinsroberts,"[""therealezway""]",RT @therealezway: Hillary Clinton just released her strategy to fully enroll mental healthcare into the healthcare system and it's gloriousâ€¦
289,brightandglory,"[""midnight""]",@midnight  Convinced Ted Trump to help his son and give him $1million to get into the family business #TimeTravelerProblems
290,traceyhappymom,"[""therealezway""]","RT @therealezway: Chris Wallace has vowed not to fact-check this debate, which means that Trump has a ridiculous advantage"
291,amandavgreen,"[""therealezway"",""americaferrera""]",RT @therealezway: .@AmericaFerrera I have a plan to combat social stratification in school lunches. What do you think? #DemConvention httpsâ€¦
292,ilikebigbuttand,"[""geffgefferson1"",""realdonaldtrump""]",RT @GeffGefferson1: A @realDonaldTrump Presidency #ReasonsHumansWillGoExtinct
293,loragreeen,"[""realdonaldtrump"",""chiefplan1""]","RT @chiefplan1: #FakeMusicalTheaterFacts

@realDonaldTrump is still pissed the New York Times refused to hire him as a theater critic in 19â€¦"
294,ilikebigbuttand,"[""chiefplan1""]","RT @chiefplan1: #ThatDoesImpressMeMuch

Melania plagiarizing Michelle Obama &amp; Rick in the same speech.... https://t.co/CkvwrkShzg"
295,daileyjadon,"[""dreamweasel""]","RT @Dreamweasel: Mr. Trump, if Hillary Clinton started Birtherism, why do 100% of Birthers support you?  

 #RejectedDebateTopics"
296,jmscoxxx,"[""therealezway""]","RT @therealezway: OMG Obama sent cash to Iran? 
Yes

For Prisoners?
No

For a legal dispute back from 1979?
Yes

Did Reagan ever use ransomâ€¦"
297,charlesjharper,"[""realdonaldtrump"",""geffgefferson1""]","RT @GeffGefferson1: The @realDonaldTrump Campaign!!!
https://t.co/WSPCJZduqg"
298,gab1aldana,"[""realdonaldtrump"",""annogalactic""]","RT @AnnoGalactic: Of course @realdonaldtrump says he doesn't believe in climate change, he's heavily invested in fossil fuels."
299,queenofthewo,"[""dreamweasel""]","RT @Dreamweasel: ""Mrs. Clinton, if you're so clever, can YOU craft a compelling reason to vote for Trump?""

""Sit down, Senator Ryan.""

#Rejâ€¦"
300,gab1aldana,"[""shane_rodenbeck""]","RT @Shane_Rodenbeck: #IHaveARightToKnow if Hillary Clinton, is actually one of those Lizard people. Who lives underground..."
301,traceyhappymom,"[""dreamweasel""]",RT @Dreamweasel: #HillarysHealth #HillarysBodyDouble https://t.co/G7UUdzeaLI
302,gab1aldana,"[""chiefplan1""]","RT @chiefplan1: Delusional Donnie
Hitler wannabe wants to throw away the Constitution turn us into a banana republic
Toss out freeâ€¦ "
303,gab1aldana,"[""therealezway""]","RT @therealezway: Chris Wallace has vowed not to fact-check this debate, which means that Trump has a ridiculous advantage"
304,puredavie,"[""therealezway""]",RT @therealezway: Soros got people to wear #BlackLivesMatter shirts at Trump rallies to prove how uncivilized Trump supporters are.
305,cassieweltch,"[""midnight""]","RT @midnight: Clinton voters stuck I VOTED stickers on Susan B. Anthonyâ€™s grave. Trump voters to follow suit by going to Lincolnâ€™s, and rolâ€¦"
306,heyheyhailey,"[""politicalant"",""midnight""]","RT @PoliticalAnt: #OverheardAtRNC: ""You've been a bad girl,Melania. I am going to have to give you a spanking.""-Trump @midnight"
307,jmscoxxx,"[""annogalactic""]","RT @AnnoGalactic: #tshirtideas

                     I'm not
                 with stupid.
                         ðŸ‘‡
          @realdonaldâ€¦"
308,holycrapchrix,"[""therealezway""]","RT @therealezway: Chris Wallace has vowed not to fact-check this debate, which means that Trump has a ridiculous advantage"
309,charlesjharper,"[""midnight""]",#OverheardAtRNC @midnight I think Trump Jr. plagiarized something besides his speech. https://t.co/bA65dyTgDJ
310,brightandglory,"[""shane_rodenbeck""]","RT @Shane_Rodenbeck: #IHaveARightToKnow if Hillary Clinton, is actually one of those Lizard people. Who lives underground..."
311,curtisbigman,"[""therealezway""]","RT @therealezway: The media has given Hillary the most negative coverage of any candidate, all for debunked claims. Trump's been given a biâ€¦"
312,kencannone,"[""shane_rodenbeck""]","RT @Shane_Rodenbeck: #MustBeBanned: Barack Obama speaking, when he finally gets the fuck out of office."
313,cascaseyp,"[""dreamweasel""]","RT @Dreamweasel: I am aware of many Republicans who have endorsed Clinton. Can't name one Democrat who has done the same for Trump.

 #Elecâ€¦"
314,giselleevns,"[""shane_rodenbeck""]","RT @Shane_Rodenbeck: #IHaveARightToKnow if Obama is planning on moving back to his birthplace, Kenya."
315,hipppo_,"[""dreamweasel""]","RT @Dreamweasel: The subset of the population absolutely convinced that Hillary Clinton is History's Greatest Monster

 #ThingsThatDisturbMe"
316,holycrapchrix,"[""dreamweasel""]","RT @Dreamweasel: ""Mrs. Clinton, if you're so clever, can YOU craft a compelling reason to vote for Trump?""

""Sit down, Senator Ryan.""

#Rejâ€¦"
317,ilikebigbuttand,"[""shane_rodenbeck""]","RT @Shane_Rodenbeck: #MustBeBanned: Barack Obama speaking, when he finally gets the fuck out of office."
318,amandavgreen,"[""theclobra""]",RT @theclobra: #IfTheMediaRiggedTheElection it's just because there is a general consensus among those that can form complete sentences thaâ€¦
319,holycrapchrix,"[""shane_rodenbeck""]",RT @Shane_Rodenbeck: #RejectedDebateTopics: Hillary Clinton's qualifications
320,curtisbigman,"[""chiefplan1""]","RT @chiefplan1: #ThatDoesImpressMeMuch

Melania plagiarizing Michelle Obama &amp; Rick in the same speech.... https://t.co/CkvwrkShzg"
321,catelinewatkins,"[""shane_rodenbeck""]","RT @Shane_Rodenbeck: #IHaveARightToKnow with all the sniffing Trump was doing. Why didnt he offer any of that cocaine to Lester, so Lesterâ€¦"
322,traceyhappymom,"[""chiefplan1""]","RT @chiefplan1: Delusional Donnie
Hitler wannabe wants to throw away the Constitution turn us into a banana republic
Toss out free speech fâ€¦"
323,chrixmorgan,"[""shane_rodenbeck""]",RT @Shane_Rodenbeck: #RejectedDebateTopics: Hillary Clinton's qualifications
324,loragreeen,"[""annogalactic"",""realdonaldtrump""]","RT @AnnoGalactic: Of course @realdonaldtrump says he doesn't believe in climate change, he's heavily invested in fossil fuels."
325,meggieoneil,"[""midnight""]",Can the Defenders beat Trump? #ComicConIn5Words @midnight
326,melvinsroberts,"[""dreamweasel""]","RT @Dreamweasel: ""Mrs. Clinton, if you're so clever, can YOU craft a compelling reason to vote for Trump?""

""Sit down, Senator Ryan.""

#Rejâ€¦"
327,worldofhashtags,"[""shane_rodenbeck""]",RT @Shane_Rodenbeck: #DontTellAnyoneBut I do believe Michelle Obama has a dick. https://t.co/meS4DArXUr
328,traceyhappymom,"[""dreamweasel""]","RT @Dreamweasel: Would a literal feces-throwing chimp earn 30% of the vote if the GOP nominated it to run against Hillary Clinton

 #Rejectâ€¦"
329,kathiemrr,"[""shane_rodenbeck""]","RT @Shane_Rodenbeck: #IHaveARightToKnow if Obama is planning on moving back to his birthplace, Kenya."
330,traceyhappymom,"[""chiefplan1""]","RT @chiefplan1: So Delusional Donnie ends as he started:
Insulting people--2nite a woman, native Americans &amp; 1 last Anti-Semitic campaign aâ€¦"
331,heyheyhailey,"[""dreamweasel""]","RT @Dreamweasel: I am aware of many Republicans who have endorsed Clinton. Can't name one Democrat who has done the same for Trump.

 #Elecâ€¦"
332,bgarner2107,"[""chiefplan1""]","RT @chiefplan1: Make it Viral folks! 
FBI finds no criminality in review of newly discovered Clinton emails https://t.co/AhhbllYFS0 via @nbâ€¦"
333,bgarner2107,"[""chiefplan1""]","RT @chiefplan1: So Delusional Donnie ends as he started:
Insulting people--2nite a woman, native Americans &amp; 1 last Anti-Semitic caâ€¦ "
334,bruciedublin,"[""shane_rodenbeck""]","RT @Shane_Rodenbeck: #MustBeBanned: Barack Obama speaking, when he finally gets the fuck out of office."
335,dickyirwin,"[""geffgefferson1"",""realdonaldtrump""]",RT @GeffGefferson1: A @realDonaldTrump Presidency #ReasonsHumansWillGoExtinct
336,mr_clampin,"[""annogalactic""]",RT @AnnoGalactic: Donald Trump: defining deplorable for the poorly educated.
337,curtisbigman,"[""theclobra""]","RT @theclobra: Division or Unity, Your Choice #ElectionDayIn5Words #StrongerTogether #ImWithHer"
338,claudia42kern,"[""midnight""]",A chicken in every POTUS #PoliticalFoods @midnight
339,jarrardnorman,"[""dreamweasel""]","RT @Dreamweasel: Mr. Trump, if Hillary Clinton started Birtherism, why do 100% of Birthers support you?  

 #RejectedDebateTopics"
340,amandavgreen,"[""annogalactic""]","RT @AnnoGalactic: #tshirtideas

                     I'm not
                 with stupid.
                         ðŸ‘‡
          @realdonaldâ€¦"
341,amandavgreen,"[""dreamweasel""]","RT @Dreamweasel: Would a literal feces-throwing chimp earn 30% of the vote if the GOP nominated it to run against Hillary Clinton

 #Rejectâ€¦"
342,kathiemrr,"[""chiefplan1"",""realdonaldtrump""]","RT @chiefplan1: #BadRejections
what these United States of America are going to do to unfit unqualified unacceptable @realDonaldTrump &amp; hisâ€¦"
343,aiden7757,"[""stormynights10""]",RT @stormynights10: #DontTellAnyoneBut I thought I saw Trump lurking in my neighbors bushes yesterday
344,kathiemrr,"[""realdonaldtrump"",""annogalactic""]","RT @AnnoGalactic: Of course @realdonaldtrump says he doesn't believe in climate change, he's heavily invested in fossil fuels."
345,dannythehappies,"[""shane_rodenbeck""]",RT @Shane_Rodenbeck: #RejectedDebateTopics: Hillary Clinton's qualifications
346,holycrapchrix,"[""chiefplan1""]",RT @chiefplan1: When real patriotic Americans talk about apologies we talk about Delusional Donnie-the racist fascist xenophobic miâ€¦ 
347,melvinsroberts,"[""chiefplan1""]",RT @chiefplan1: When real patriotic Americans talk about apologies we talk about Delusional Donnie-the racist fascist xenophobic misogynistâ€¦
348,amandavgreen,"[""dreamweasel""]","RT @Dreamweasel: ""Mrs. Clinton, if you're so clever, can YOU craft a compelling reason to vote for Trump?""

""Sit down, Senator Ryan.""

#Rejâ€¦"
349,dominicvalent,"[""annogalactic""]","RT @AnnoGalactic: #tshirtideas

                     I'm not
                 with stupid.
                         ðŸ‘‡
          @realdonaldâ€¦"
350,loragreeen,"[""chiefplan1""]","RT @chiefplan1: Make it Viral folks! 
FBI finds no criminality in review of newly discovered Clinton emails https://t.co/AhhbllYFS0 via @nbâ€¦"
351,giselleevns,"[""dreamweasel""]","RT @Dreamweasel: Would a literal feces-throwing chimp earn 30% of the vote if the GOP nominated it to run against Hillary Clinton

 #Rejectâ€¦"
352,curtisbigman,"[""chiefplan1""]","RT @chiefplan1: Nice fantasy if true, but he embarrasses us daily to allies &amp; aids &amp; comforts enemies! Liar! SHAME! 
Unstable!Unfit! https:â€¦"
353,curtisbigman,"[""chiefplan1""]","RT @chiefplan1: Delusional Donnie-racist facist xenophobe misogynist predator! UNFIT
Deplorable &amp; irredeemable!
Support him-
don'tâ€¦ "
354,dominicvalent,"[""chiefplan1""]","RT @chiefplan1: Delusional Donnie
Hitler wannabe wants to throw away the Constitution turn us into a banana republic
Toss out freeâ€¦ "
355,kathiemrr,"[""chiefplan1""]",RT @chiefplan1: When real patriotic Americans talk about apologies we talk about Delusional Donnie-the racist fascist xenophobic misogynistâ€¦
356,bruciedublin,"[""geffgefferson1"",""realdonaldtrump""]","RT @GeffGefferson1: The @realDonaldTrump Campaign!!!
https://t.co/WSPCJZduqg"
357,puredavie,"[""theclobra""]",RT @theclobra: With Hillary as our President maybe we can rebuild some of our bridges so these deplorables may return to whence they came.â€¦
358,worldofhashtags,"[""stormynights10""]",RT @stormynights10: #DontTellAnyoneBut I thought I saw Trump lurking in my neighbors bushes yesterday
359,mr_clampin,"[""theclobra""]","RT @theclobra: Division or Unity, Your Choice #ElectionDayIn5Words #StrongerTogether #ImWithHer"
360,ilikebigbuttand,"[""dreamweasel""]","RT @Dreamweasel: ""Mrs. Clinton, if you're so clever, can YOU craft a compelling reason to vote for Trump?""

""Sit down, Senator Ryan.""

#Rejâ€¦"
361,toneporter,"[""kevin_m_hart"",""theclobra""]",RT @kevin_m_hart: @theclobra your tweets on pain killers help relieve our pain this #ElectionDay #KeepEmComing
362,traceyhappymom,"[""realdonaldtrump"",""chiefplan1""]",RT @chiefplan1: #IDontThinkIWasMeantTo vote for a cheeto faced ferret wearing shitgibbon demogogue like unfit @realDonaldTrump https://t.coâ€¦
363,meggieoneil,"[""geffgefferson1"",""midnight""]","RT @GeffGefferson1: #OverheardAtRNC Does This White Hood Make Me Look Fat???   
@midnight  
#RNCinCLE"
364,traceyhappymom,"[""chiefplan1""]","RT @chiefplan1: #ElectionDayIn5Words

Unfit Loser Trump's
Mental Breakdown"
365,charlesjharper,"[""stormynights10""]","RT @stormynights10: #TrumpsFavoriteHeadline Trump's Lingerie Bedroom Line Collection, with lead model Ivanka Trump"
366,bgarner2107,"[""theclobra""]",RT @theclobra: How about you apologize for all of the lies and predictions you made regarding Obama before you start on Hillary. #DemsInPhiâ€¦
367,melvinsroberts,"[""theclobra""]","RT @theclobra: Division or Unity, Your Choice #ElectionDayIn5Words #StrongerTogether #ImWithHer"
368,amandavgreen,"[""chiefplan1""]","RT @chiefplan1: Delusional Donnie-racist facist xenophobe misogynist predator! UNFIT
Deplorable &amp; irredeemable!
Support him-
don'tâ€¦ "
369,dominicvalent,"[""realdonaldtrump"",""chiefplan1""]","RT @chiefplan1: #IForgotToSay
@realDonaldTrump
Release yr taxes or renounce yr citizenship Unfit unqualified unacceptable liar loser https:â€¦"
370,loragreeen,"[""shane_rodenbeck""]","RT @Shane_Rodenbeck: #MustBeBanned: Barack Obama speaking, when he finally gets the fuck out of office."
371,hellieedwards,"[""theclobra""]","RT @theclobra: Division or Unity, Your Choice #ElectionDayIn5Words #StrongerTogether #ImWithHer"
372,chrixmorgan,"[""shane_rodenbeck""]","RT @Shane_Rodenbeck: #IHaveARightToKnow with all the sniffing Trump was doing. Why didnt he offer any of that cocaine to Lester, so Lesterâ€¦"
373,bgarner2107,"[""realdonaldtrump"",""geffgefferson1""]","RT @GeffGefferson1: The @realDonaldTrump Campaign!!!
https://t.co/WSPCJZduqg"
374,charlesjharper,"[""therealezway""]","RT @therealezway: OMG Obama sent cash to Iran? 
Yes

For Prisoners?
No

For a legal dispute back from 1979?
Yes

Did Reagan ever use ransomâ€¦"
375,dickyirwin,"[""dreamweasel""]",RT @Dreamweasel: #HillarysHealth #HillarysBodyDouble https://t.co/G7UUdzeaLI
376,traceyhappymom,"[""therealezway""]","RT @therealezway: OMG Obama sent cash to Iran? 
Yes

For Prisoners?
No

For a legal dispute back from 1979?
Yes

Did Reagan ever use ransomâ€¦"
377,notritahart,"[""chiefplan1""]","RT @chiefplan1: Trump promises segregation--
https://t.co/SHXPDCyYVq"
378,hellieedwards,"[""theclobra""]",RT @theclobra: #IfTheMediaRiggedTheElection it's just because there is a general consensus among those that can form complete sentences thaâ€¦
379,bruciedublin,"[""shane_rodenbeck""]","RT @Shane_Rodenbeck: #IHaveARightToKnow if Obama is planning on moving back to his birthplace, Kenya."
380,notritahart,"[""therealezway""]","RT @therealezway: The media has given Hillary the most negative coverage of any candidate, all for debunked claims. Trump's been given a biâ€¦"
381,bruciedublin,"[""dreamweasel""]","RT @Dreamweasel: I am aware of many Republicans who have endorsed Clinton. Can't name one Democrat who has done the same for Trump.

 #Elecâ€¦"
382,kathiemrr,"[""midnight""]",This is one of only two trains available and neither will take me to a better time. #TimeTravelerProblems @midnight  https://t.co/S9xpM6ZWwD
383,worldofhashtags,"[""shane_rodenbeck""]",RT @Shane_Rodenbeck: #RejectedDebateTopics: Hillary Clinton's qualifications
384,dannythehappies,"[""therealezway""]",RT @therealezway: Hillary Clinton just released her strategy to fully enroll mental healthcare into the healthcare system and it's gloriousâ€¦
385,meggieoneil,"[""midnight""]",Why doesn't anybody believe me that the poop emoji won the write in  election? #TimeTravelerProblems  @midnight
386,hellieedwards,"[""annogalactic""]","RT @AnnoGalactic: #tshirtideas

                     I'm not
                 with stupid.
                         ðŸ‘‡
          @realdonaldâ€¦"
387,jarrardnorman,"[""shane_rodenbeck""]","RT @Shane_Rodenbeck: #MustBeBanned: Barack Obama speaking, when he finally gets the fuck out of office."
388,amandavgreen,"[""chiefplan1""]",RT @chiefplan1: Don't kid yourself Delusional Donnie there arent tens of millions of Americans being written off--you dont have thaâ€¦ 
389,curtisbigman,"[""geffgefferson1"",""realdonaldtrump"",""junkywithamonke""]","RT @GeffGefferson1: #IfIWonTheElection It Would Be A  HUGE DISASTER BIGLY!!!(@realDonaldTrump ONLY)
@JunkyWithAMonkE 
#NEVERTRUMP
#ImWitHerâ€¦"
390,donnielmiller,"[""midnight"",""geffgefferson1""]","RT @GeffGefferson1: #OverheardAtRNC Does This White Hood Make Me Look Fat???   
@midnight  
#RNCinCLE"
391,jarrardnorman,"[""annogalactic""]",RT @AnnoGalactic: Can we have #Debatenight once a fortnight even after the election?
392,holycrapchrix,"[""geffgefferson1"",""realdonaldtrump""]",RT @GeffGefferson1: A @realDonaldTrump Presidency #ReasonsHumansWillGoExtinct
393,holycrapchrix,"[""chiefplan1""]","RT @chiefplan1: #ElectionDayIn5Words

Unfit Loser Trump's
Mental Breakdown"
394,dickyirwin,"[""geffgefferson1"",""realdonaldtrump""]","RT @GeffGefferson1: #FamousCreatures @realDonaldTrump 
#debate"
395,melvinsroberts,"[""chiefplan1""]",RT @chiefplan1: Don't kid yourself Delusional Donnie there arent tens of millions of Americans being written off--you dont have that many sâ€¦
